Title,Rev_Rate,Solde,Shipping,Price
MSCXDK Women Fashion 7PCS Set Casual Leather Belt Watches Ladies Starry Sky Dial Quartz Wristwatches Dress Clock Montre Femme,4.6,46 sold,Extra 2% off with coins,MAD98.22
Hot Selling Trendy Claws Design Crystal Zircon Engagement Rings For Women Female Wedding Jewelry Gift Fashion Women Girl Rings,4.2,5000+ sold,Extra 2% off with coins,MAD6.02
New Usb Flash Drive 128gb 64gb Memory Stick 8gb 4gb For Phone Pendrive 16gb Metal U Disk OTG Pen Drive 32gb Wholesale Free Logo,4.6,800+ sold,Extra 1% off with coins,MAD27.92
AliExpress Collection BISINNA Waterproof Camping Awning Tent Sun Shade Oxford Canopy Tarp Ultralight UV Garden Beach for Tourism,4.7,219 sold,Extra 2% off with coins,MAD128.95
OLAF USB HUB 2.0 4/7 Port Multiple Expander USB 2.0 Hub with Switch Multi USB Splitter Hub Use Power Adapter Computer Accessorie,4.6,3000+ sold,Extra 2% off with coins,MAD9.94
13Pcs Makeup Brush Set Make Up Concealer Brushes Blush Powder Eye Shadow Highlighter Foundation Cosmetic Beauty Tools,3.7,202 sold,-76%,MAD9.94
Super Usb 3.0 2TB Metal Pen Drive 1TB Cle Usb Flash Drives 512G Pendrive High Speed Portable SSD Memoria Usb Stick Free Shipping,4.3,10000+ sold,Free shipping,MAD19.88
Retro Handmade Turkish Signet Rings for Men Ancient Silver Color Carved Ring Mystic Zircon Inlay New Punk Motor Biker Ring,4,5000+ sold,Extra 2% off with coins,MAD7.53
PURC Rosemary Oil Hair Growth Products for Man Women Ginger Anti Hair Loss Fast Regrowth Thicken Oils Scalp Treatment Hair Care,4.6,5000+ sold,Extra 5% off with coins,MAD12.95
Limei S1 E Sports LED Luminous Backlit Wired Mouse USB Wired For Desktop Laptop Mute Office Computer Gaming Mouse,4.4,900+ sold,Extra 2% off with coins,MAD29.43
Opk Brand Men Watch Simple Fashion Waterproof Luminous Stainless Steel Strap,4.6,500+ sold,Extra 2% off with coins,MAD48.01
4PCS Tyre Sensor Pressure 433MHz For Ford Focus Kuga Ford Mondeo Mk5 Ecosport 433MHz TIRE PRESSURE MONITOR SENSOR EV6T-1A180-CB,4.8,325 sold,,MAD189.72
JASTER High Speed USB Flash Drive OTG Pen Drive 64gb 32gb USB Stick 16gb Rotatable Pen drive For Android Micro/PC Business gift,4.8,3000+ sold,Extra 2% off with coins,MAD27.92
Women's Elegant Casual Goldn Watch Crystal Diamond Inlaid Watch Stainless Steel Silver Waterproof Quartz Watch,4.7,455 sold,Extra 2% off with coins,MAD51.72
EILIECK 316L Stainless Steel Gold Color Flat Wide Chain Necklace Bracelet For Women Girl Fashion Non-fading Jewelry Set Gift,4.9,431 sold,Extra 5% off with coins,MAD9.94
Sanlutoz Cartoon Boys Clothing Sets Summer Short Sleeve Cotton Baby Tops + Baby Shorts 2Pcs Casual,4.7,1000+ sold,-72%,MAD19.69
Fashion Luxury Cubic Zirconia Engagement Rings for Women Marquise Crystal Wedding Ring Party Jewelry Gift,4.7,5000+ sold,Free shipping,MAD11.85
UYAAI Natural Colored Eyes Lenses 1 Pair Lens Disposable Brown Colored Lenses Gray Contact Lenses Korea  with Graduation Pupils,4.6,2000+ sold,Extra 2% off with coins,MAD9.94
2024 New Usb 3.0 16TB High Speed Pendrive 8TB Metal Cle Usb Flash Drive 4TB 2TB Portable SSD Memoria Usb Pen Drive Free Shipping,4.6,500+ sold,Free shipping,MAD19.98
LIGE Fashion Watches Men Top Brand Luxury Quartz Watch Men Leather Strap Waterproof Business Casual Men Wristwatches Clock,4.8,1000+ sold,Extra 2% off with coins,MAD41.58
B-X TOUPIE BURST BEYBLADE SPINNING TOP Rapidity Metal Fusion Toupie Microvolt Leo King D125B Battle Top Starter DropShipping,4.4,103 sold,,MAD9.54
FENVI 300Mbps Wireless WIFI Repeater Remote Wifi Extender WiFi Amplifier 802.11N WiFi Booster Repetidor Amplifier Wi Fi Reapeter,4.6,1000+ sold,Extra 2% off with coins,MAD58.85
Smart Stainless Steel Multifunctional Ring For Couples Mood Changes Color From Waterproof Body Temperature Measuring Ring,4.4,5000+ sold,Extra 5% off with coins,MAD4.72
"Evil Eye Hand 18K Gold Plated Cubic Zirconia CZ Paved Religious Charm Pendant, Jewelry Necklace Bracelet Accessories Supplies",4.6,162 sold,Extra 2% off with coins,MAD9.44
Metal Usb 3.0 Pen Drive 2TB Cle Usb Flash Drives 1TB High Speed Pendrive 512GB Portable SSD Memoria Usb Flash Disk Free Shipping,4.4,1000+ sold,Free shipping,MAD19.88
WOKAI high quality Men's Luxury belt Fashion quartz watch Men's Rome Business Student Sport waterproof glow-in-the-dark clock,4,5000+ sold,Free shipping,MAD24.92
Rechargeable Wireless Mouse Bluetooth Mouse Computer  Ergonomic Mini Usb Mause 2.4Ghz Silent Macbook Optical Mice For Laptop Pc,4.6,600+ sold,-90%,MAD18.68
Natural Round Tiger Eye Amazonite Lava Turquoises Agates Jaspers Garnet Spacer Loose Stone Beads For Jewelry Making DIY Bracelet,4.8,10000+ sold,Extra 1% off with coins,MAD7.53
JINGBA SUPPORT Soccer Training child shin pads shin guards protege tibia football adultes espinilleras de f tbol,4.9,70 sold,Extra 5% off with coins,MAD9.94
BAOKEMO Basin Faucet 1/2Inch 304 Stainless Steel Single Cold Water Tap Gold Black Silver Color Deck Mounted Basin Sink Faucet,4.5,1000+ sold,Extra 2% off with coins,MAD85.87
1pcs New DC 3V-6V bis 400kV 400000V Boost Step up Power Module High Voltage Generator,4.9,157 sold,-53%,MAD9.94
（0~-6.00）Natural Colored Contact Lenses with Prescription Myopia Lenses with Degree Brown Lenses Gray Pupils Fast Shipping,4.5,500+ sold,Extra 2% off with coins,MAD9.94
Portable Doctor Stethoscope Medical Cardiology Stethoscope Professional Medical Equipments Medical Devices Student Vet Nurse,4.5,900+ sold,-76%,MAD9.94
Women Watch Rhinestone Romantic Starry Sky WristWatch Fashion Ladies Leather Watch Clock for Women Relogio Feminino Montre Femme,4.3,2000+ sold,Free shipping,MAD11.74
JASTER 2NI1 TYPE-C USB 2.0 Flash Drive 64GB High speed Pen drive with key chain Black Memory stick Creative Business gift U disk,4.7,1000+ sold,Free shipping,MAD29.32
"Omega-3 fish oil-benefits the cardiovascular system, protects eye fatigue, cognitive function, and learning ability",4.7,600+ sold,Extra 6% off with coins,MAD9.94
1pcs Super Arc 1000KV High Voltage Generator Module Inverter Transformer Pulse High Voltage Module,,13 sold,Free shipping,MAD32.44
WOKAI high quality men's leisure belt quartz watch luminous waterproof commercial waterproof clock Golden Dragon Chinese style,4.3,368 sold,Free shipping,MAD17.20
PjioAo For iPad Air 5 4 Pro 11 Bluetooth Wireless Keyboard And Mouse For Android IOS Windows Phone Tablet Simple Office Study,4.9,83 sold,Extra 2% off with coins,MAD101.84
New 2024 Usb 3.0 Pendrive 2TB High Speed Pen Drive 16TB Metal Cle Usb Flash Drive 4TB 8TB Portable SSD Memoria Usb Free Shipping,4.7,1000+ sold,Free shipping,MAD19.98
Rechargeable Clipper Haircut Razor for Men Shaver Adult Electric Home USB Charging Barber Shop Vintage Clipper Black Buddha Head,5,8 sold,Extra 2% off with coins,MAD47.21
10/50M 0.8mm Nylon Thread Cord Macrame Rope Bracelet Braided String For DIY Tassels Beading String Jewelry Making Accessories,4.5,1000+ sold,Extra 5% off with coins,MAD4.62
HP Type C Two in One USB Flash Drive 64GB 128GB 256GB Computer Mobile Phone Dual Use USB Flash Drive Rotating Creative USB 3.2,4.6,259 sold,Extra 2% off with coins,MAD57.25
Carbon Fiber Rfid Card Holder Men Wallets Money Bag Zipper Coin Purse Small Leather Mini Slim Wallets Vallet Carteira Masculina,4.7,2000+ sold,,MAD41.68
7PCS Set Women Fashion Watch Casual Leather Belt Watches Ladies Roman Numeral Dial Quartz Wristwatches Dress Clock Montre Femme,4.7,166 sold,Extra 2% off with coins,MAD100.33
USB Hub Hub USB Adapter Multi Ports Use Power Adapter Extensor USB 2.0 PC Computer Accessories Switch USB For Laptop,4.5,900+ sold,Extra 2% off with coins,MAD22.00
PURC Beard Growth Oil for Men Hair Growth Products Thickener Nourishing Beard Grooming Treatment Beard Care,4.5,1000+ sold,Extra 5% off with coins,MAD43.89
Tablet Phone Computer Bluetooth Wireless Mouse Charging Luminous 2.4G USB Wireless Mouse Portable Mouse,4.7,800+ sold,Extra 2% off with coins,MAD31.34
LIGE 2023 Luxury Men Watches Waterproof Ultra Thin Date Clock Male Steel Strap Casual Quartz Watch Men Sports Wrist Watch Man,4.7,700+ sold,Extra 2% off with coins,MAD50.82
Portable SSD 1TB/2TB External Solid State Drive USB 3.0/Type-C Hard Disk High-Speed Storage Device For Laptops/Desktop/Mac/Phone,4.1,800+ sold,Extra 5% off with coins,MAD42.99
DIEYURO 316L Stainless Steel Luxury Non-fading Square Green Crystal Zircon Pendant Necklace Earrings Jewelry Set For Women Gifts,4.5,203 sold,Extra 5% off with coins,MAD9.94
0.8mm Nylon Thread Cords Chinese Knot Macrame Cord Rope Necklace Bracelet Braided String DIY Tassels Beading Shamballa String,4.8,1000+ sold,Extra 2% off with coins,MAD9.94
Original Lenovo LP5 Wireless Bluetooth Earbuds HiFi Music Earphones Headphones Sports Waterproof Headset With Mic Earbuds New,4.6,10000+ sold,Extra 2% off with coins,MAD120.12
High Power Led Flashlights Camping Torch 5 Lighting Modes Aluminum Alloy Zoomable Light Waterproof Material Use 3 AAA Batteries,4.7,1000+ sold,Extra 2% off with coins,MAD29.23
LIGE 2023 Top Brand Luxury New Men Watch Quartz Man Watches Waterproof Luminous Watch for Men Date Chronograph Sport Wristwatch,4.8,1000+ sold,Extra 2% off with coins,MAD84.96
113 Battery Version Mini2.4 GHz Wireless Optical Mouse Portable Mouse Wireless USB Mouse Notebook Computer,4.4,1000+ sold,Extra 2% off with coins,MAD28.72
Hip Shapewear Panties Women Butt Lifter Shaper Panties Sexy Body Shaper Push Up Panties Hip Enahncer Shapewear with Pads,4.9,376 sold,Extra 2% off with coins,MAD69.80
Kingston Pendrive USB Flash Drives DTKN 32GB 64GB 128GB Pen Drive 3.0 CLE USB 3.2 Gen 1 Disk Stick for Desktops Laptops,4.7,471 sold,Extra 2% off with coins,MAD43.29
Creative Gear Head Keychain Speed Gearbox Keyring for Car Key Turbo Hub Brake Disc Pendant Shock Absorber Keys Holder Chain Ring,4.8,5000+ sold,,MAD7.87
FENVI 1200Mbps 5Ghz Wireless WiFi Repeater Booster 2.4G/5GHz Wi-Fi Signal Amplifier Extender Router Network Wlan WiFi Repetidor,4.5,2000+ sold,Extra 2% off with coins,MAD104.65
Hapiship 2024 Fashion Hat Wing Heart Dice I Love My Boyfriend Charm Italian Links Fit 9mm Bracelet Making DIY Jewelry DJ1097-A,5,210 sold,Extra 2% off with coins,MAD8.94
Speed Skipping rope Adult jump rope Weight Loss Children Sports portable fitness equipment Professional Men Women Gym,4.6,1000+ sold,Extra 5% off with coins,MAD9.94
Sanlutoz Baby Boys Summer Clothing Sets Cartoon Short Sleeve Cotton Baby Outfit Sets Shirts + Shorts 2pcs,4.6,345 sold,-72%,MAD19.69
（0~-8.00） Colored Lenses With Diopter Colored Contacts Lenses For Vision Natural Eye Color Lens Correction Prescription Lenses,4.7,306 sold,Extra 5% off with coins,MAD9.94
20Pcs/Lot Fashion Mix Style Hollow Stripe Punk Spikes Stainless Steel Rings Jewelry For Women Men Party Trendy Gift Wholesale,4.5,2000+ sold,-81%,MAD10.94
Universal Gravity Auto Phone Holder Car Air Vent Clip Mount Mobile Phone Holder Cell Phone Stand Support For iPhone For Samsung,4.6,3000+ sold,-88%,MAD9.94
2023 Luxury Women's Fashion Square Watches Gold Alloy Strap Ladies Quartz Wristwatches Qualities Female Roman Scale Clock,4.6,1000+ sold,Extra 5% off with coins,MAD38.67
UYAAI Color Contact Lenses for Eyes Korean 1 Pair Fashion Lenses Brown Colorcon Colored Lenses with Diopters Degree Blue Lenses,4.7,5000+ sold,Extra 2% off with coins,MAD9.94
Kodak Type C Two in One USB Flash Drive 32GB 64GB 128GB Computer Mobile Phone Dual Use USB Flash Drive Rotating Creative USB 3.1,4.8,186 sold,Extra 2% off with coins,MAD68.59
Electric Haircutter for Men USB Charging Golden Dragon Dragon Razor Electric Hair Clipper Electric Faders Barber Shop ABS 3,,11 sold,Extra 2% off with coins,MAD55.84
Feslishoet Women Warm Cushioned Slippers for Indoor Outdoor House Fuzzy Fluffy Slides with Memory Foam Winter Bedroom Shoes,4.8,99 sold,Extra 2% off with coins,MAD94.10
New Short Men Wallets Slim Card Holder Photo Holder Male Name Engraved Wallet Small Classic Zipper Coin Pocket Square Men Purses,4.7,1000+ sold,Extra 2% off with coins,MAD38.80
LIGE New Sport Chronograph Mens Watches Top Brand Luxury Full Steel Quartz Clock Waterproof Big Dial Watch Men Montre Homme,4.6,413 sold,Extra 2% off with coins,MAD130.26
Bitter Melon Slippers Household Summer Home Indoor Stepping Shit Feeling Sandals And Slippers,4.6,14 sold,Extra 2% off with coins,MAD34.45
0.8mm Nylon Thread Cords Chinese Knot Macrame Cord Necklace Bracelet Braided String For DIY Tassels Beading Shamballa String,4.7,1000+ sold,Extra 2% off with coins,MAD9.94
18K Gold Plated Stainless Steel Rings for Women French Hollow Out Rings Geometric Open Ring for Female Jewelry Gift Trend,4.8,800+ sold,Extra 1% off with coins,MAD9.94
TX-850 Metal Detector Underground Professional Depth 2.5m Scanner Search Finder Gold Detector Treasure Hunter Pinpointer 11inch,4.8,2000+ sold,Extra 2% off with coins,MAD979.71
JASTER Red Rotatable USB Flash Drive 128GB Free Custom Logo 2.0TYPE-C USB Stick 64GB 32GB 16GB 8GB Creative Gift Pen Drive 4GB,4.7,4000+ sold,Extra 3% off with coins,MAD28.22
FOXBOX Digital Men Military Watch 50m Waterproof Wristwatch LED Quartz Clock Sport Watch Male Big Watch Men Relogios Masculino,4.7,208 sold,Extra 2% off with coins,MAD54.13
Hapiship New 2024 Fashion Star Rainbow Landscape Charm Italian Links Fit 9mm Bracelet Stainless Steel Making DIY Jewelry DJ769,4.9,2000+ sold,Extra 2% off with coins,MAD4.92
Insulated Lunch Bag Large Lunch Bags For Women Men Reusable Lunch Bag With Adjustable Shoulder Strap,4.7,3000+ sold,Extra 2% off with coins,MAD51.62
Usb 8 In 1 Type C 3 1 To 4k Hdmi Hub Adapter With Sd Tf Rj45 Card Reader Pd Fast Charge For Macbook Notebook Computer,4.7,5000+ sold,Extra 2% off with coins,MAD48.91
New Cool Stainless Steel Rotatable Couple Ring High Quality Spinner Chain Rotable Rings for Women Man Punk Jewelry Party Gift,4.7,3000+ sold,Extra 2% off with coins,MAD6.93
Feslishoet Cute Animal Fur Slipper For Women Men Fashion Kawaii Fluffy Winter Warm Slippers Cartoon Teddy Bear House Shoes,4.8,500+ sold,Extra 2% off with coins,MAD47.00
AKNIGHT Watch for Men Analog Quartz Wristwatches Waterproof Chronograph Watches Stainless Steel Band,4.8,1000+ sold,Extra 2% off with coins,MAD100.33
Men Bodybuilding Shorts Fitness Compression Leggings Workout Inseam Outfit Male Muscle Alive Elastic Skinny Tights,5,50 sold,Extra 2% off with coins,MAD50.82
Wireless Mouse Computer Bluetooth Mouse Silent PC Mause Rechargeable Ergonomic Mouse 2.4Ghz USB Optical Mice For Laptop PC,4.7,1000+ sold,-84%,MAD9.94
Hapiship 2023 Fashions New I Love Walk Jazz Family Wine Charm Links Fit 9mm Bracelet Stainless Steel Making DIY Jewelry DJ727-B,5,1000+ sold,Extra 2% off with coins,MAD3.61
Aigo AR12PRO Computer Case Fan Ventoinha PC 120mm RGB Fan 4pin PWM CPU Cooling Fan 3pin5v Unlimited Space Argb 12cm Ventilador,4.8,900+ sold,Extra 2% off with coins,MAD60.86
Never Fade White Tibetan Silver Rings for Women Round Zircon Crystal Rings Bride Promise Engagement Wedding Bands Gift Jewelry,4.6,10000+ sold,Extra 5% off with coins,MAD20.09
Dental Appliance Tooth Orthodontic Braces Trainer Dental Braces Teeth Trainer Alignment Braces Mouthpiece For Adults Orthodontic,4.7,239 sold,Extra 5% off with coins,MAD41.68
4 Button TPU Car Key Case Cover Shell Fob for Renault Duster Captur Clio Logan Megane Koleos Scenic Nema Fluence Zoe Accessories,4.8,600+ sold,-76%,MAD9.94
2023 New Short Women Wallets Free Name Engraving Slim Card Holder Female Purses Cute Simple High Quality Brand Women's Wallet,4.7,600+ sold,,MAD26.93
ANENG ST180 4000 Counts Digital Clamp Meter AC Current Multimeter Ammeter Voltage Tester Car Amp Hz Capacitance NCV Ohm Tool,4.6,198 sold,Extra 2% off with coins,MAD83.36
Stainless Steel Lobster Clasps Connector Extension Chains Link Jump Rings Connector for Bracelet Necklace DIY Jewelry Making,4.7,800+ sold,Extra 4% off with coins,MAD9.24
CADVAN Men Watch Top Brand Luxury Business Quartz Mens Watches Full Steel Waterproof Chronograph Wristwatch Relogio Masculino,4.4,129 sold,Extra 2% off with coins,MAD83.26
10pcs/pack Dental Silicone Grinding Heads brush Teeth Polisher for Low-speed Machine Polishing Dental Tools Dentistry Lab brush,4.7,378 sold,Extra 2% off with coins,MAD12.45
CC Rings For Women Silver Color Double Stackable Fashion Jewelry Bridal Sets Wedding Engagement Ring Accessory CC634,4.7,1000+ sold,Free shipping,MAD39.98
WISHDOIT Original Watch for Men's Waterproof Stainless Steel Leather Strap Quartz Fashion Sports Chronograph Square Wristwatches,4.8,351 sold,Extra 2% off with coins,MAD69.80
Sauna Sweat Belt Sweat to Lose Weight Woman Postpartum Waist Trainer Slimming Sheath Woman Flat Belly Fat Burning Girdle,4.7,285 sold,Extra 2% off with coins,MAD78.53
15 Feet/Roll Dental Orthodontic Elastic Ultra Power Chain Rubber Band Long/Short/Continuous Dental Orthodontic Material,4.9,483 sold,Extra 2% off with coins,MAD9.94
Hapiship 2024 Fashion Mushroom Avocado Flower Book Charm Italian Links Fit 9mm Bracelet Stainless Steel Making DIY Jewelry DJ772,4.9,1000+ sold,Extra 2% off with coins,MAD8.43
POEDAGAR Men Luxury Watches Stainless Steel Quartz Wrsitwatches Male Auto Date Clock with Luminous New Design Business Hands+box,4.6,1000+ sold,Extra 5% off with coins,MAD79.24
Razer DeathAdder Essential Wired Gaming Mouse Mice 6400DPI Optical Sensor 5 Independently Buttons For Laptop PC Gamer,4.8,600+ sold,Extra 2% off with coins,MAD143.51
DIEYURO 316L Stainless Steel Butterfly Pearls Charm Necklace Bracelets Earrings For Women Girl New Trend Non-fading Jewelry Set,4.4,9 sold,Extra 5% off with coins,MAD9.94
Candygirl New Lace Openwork Headband Silver Ribbon Hair Band Elastic Hair Rope Women Ornament Hair Accessories Headwear,5,50 sold,Extra 5% off with coins,MAD9.04
Electric Haircutter for Men Golden Buddha USB Electric Hair Clipper Electric Faders Barber Shaved Head Shaver Multifunctional,3,22 sold,Extra 2% off with coins,MAD48.71
AliExpress Collection Beautiful Fabric Shavers Depilators Sweater Depilators Stainless Steel Blades to Remove Clothes Wool and,4.6,37 sold,Extra 2% off with coins,MAD44.80
OLEVS Luxury Brands Women's Watches Trend Waterproof Simple Atmosphere Stainless Steel Quartz Wrist watch Original Certification,4.7,1000+ sold,Extra 5% off with coins,MAD138.90
10inch Backlit For iPad Keyboard And Mouse Backlight Bluetooth Keyboard For IOS Android Windows Wireless Keyboard and Mouse,4.6,1000+ sold,Extra 2% off with coins,MAD98.43
Macaron Rechargeable Wireless Bluetooth Mouse 2.4G USB Mice For Android Windows Tablet Laptop Notebook PC For IPAD Mobile,4.6,121 sold,Extra 2% off with coins,MAD38.66
Upgraded Interior Door Pull Handle Inside Panel Trim Replacement For BMW 3 4 Series M3 M4 F30 F80 F31 F32 F33 F34 F35 F36 F82,4.8,900+ sold,,MAD115.70
REDRAGON Fizz K617 RGB USB Mini Mechanical Gaming Wired Keyboard Red Switch 61 Key Gamer for Computer PC Laptop Detachable Cable,4.8,5000+ sold,Extra 2% off with coins,MAD284.42
High Power Diving Flashlight IP68 Highest Waterproof Rating Professional Diving Light Powered by 18650 Battery With Hand Rope,4.7,4000+ sold,Extra 2% off with coins,MAD114.79
LIGE 2023 New Mens Watches Top Brand Luxury Brown Leather Casual Quartz Watch Men Sport Waterproof Clock Watch Relogio Masculino,4.7,2000+ sold,Extra 2% off with coins,MAD74.22
Rugged Military Smart Watch Men For Android IOS Ftiness Watches Ip68 Waterproof 1.85'' AI Voice Bluetooth Call Smartwatch 2023,4.6,5000+ sold,-87%,MAD163.82
Natural Stone Ruby Red Emerald Green Chalcedony Coral Round Flower Oval Faceted Spacer Bead For Jewelry Making DIY Bracelet,4.7,210 sold,Extra 2% off with coins,MAD18.68
TAKARA TOMY Beyblade Burst Gyro Small Package B173 B- 192 Bulk Beyblade Toy Multiple Options,4.5,443 sold,Free shipping,MAD30.32
Electric Milk Frother Kitchen Drink Foamer Whisk Mixer Stirrer Coffee Cappuccino Creamer Whisk Frothy Blend Whisker Egg Beater,4.8,462 sold,Extra 2% off with coins,MAD64.17
Wired Gaming Mouse 1600 DPI Optical 6 Button USB Mouse With RGB BackLight Mute Mice For Desktop Laptop Computer Gamer Mouse,4.3,500+ sold,Extra 2% off with coins,MAD33.64
Anti-dust Plug Notebook Dustproof Stopper Laptop Universal USB Dust Plug Computer Interface Waterproof Cover,4.7,10000+ sold,Extra 2% off with coins,MAD5.73
PIX-LINK WR01 Wireless WiFi Repeater Wifi Extender Ultraboost Wifi Amplifier Long Range Repiter 300M Wi-Fi Booster Access Point,4.4,60 sold,Extra 2% off with coins,MAD47.70
ZHOUYANG Ring For Women Hot Sale Cubic Zirconia Gift Fashion Jewelry R842,4.8,1000+ sold,Extra 2% off with coins,MAD9.94
HP USB Flash Drive 3.1 Type A Type C 32GB 64GB 128GB Pen Drive for PC Andriod Smartphone Memory Stick Storage U Disk,4.7,415 sold,Extra 2% off with coins,MAD86.27
Golden Text Custom Engraving Fountain Pen Ink Gift School Supplies 2024 Stationery Men Luxury High Quality Writing Office Metal,4.9,5000+ sold,Extra 3% off with coins,MAD9.94
SKMEI Sports Watch Men Digital Double Time Chronograph Watches 50M Watwrproof Week Display Wristwatches Relogio Masculino 1270,4.9,178 sold,Extra 2% off with coins,MAD134.31
EssagerUniversal 6 Points Solid Fold Car Phone Holder Gravity Car Holder For Phone In Car Air Vent Clip Mount Smartphone Holder,4.7,1000+ sold,Extra 2% off with coins,MAD59.96
OMEGA-3 Fish Oil Capsules Rich In DHA And EPA Relieve Stress Strengthen Brain and Memory Development Intelligence Health Eyes,4.7,191 sold,Extra 6% off with coins,MAD63.07
SHAARMS Men Gift Watch Business Luxury Company Mens Set 6 in 1 Watch Glasses Pen Keychain Belt Purse Welcome Holiday Birthday,4.7,3000+ sold,-72%,MAD131.06
Isywaka Dark Red Colors 4*6mm 50pcs Rondelle  Austria faceted Crystal Glass Beads Loose Spacer Round Beads for Jewelry Making,4.8,2000+ sold,Free shipping,MAD6.03
"Tablet 10.1 Inch Android 12 Tablets, 2GB RAM 64GB ROM, 5000mAh Battery Quad Core IPS HD Touch Screen Tablets",4.7,1000+ sold,Extra 2% off with coins,MAD517.92
Car Front Rear Side Air Conditioning AC Vent Outlet Grille Panel Cover For BMW 5 Series F10 F11 F18 520 523 525 528 530 535,4.7,225 sold,Extra 5% off with coins,MAD110.47
LIGE Fashion Watch Man Luxury Chronograph Sport Mens Watches Quartz Wristwatches Leather Male Waterproof Clock Relogio Masculino,4.8,1000+ sold,Extra 2% off with coins,MAD80.04
360 Tablet Desk Mobile Phone Holder Stand Adjustable Aluminum Alloy Desktop Lazy Bracket Foldable For iPhone iPad Laptop Samsung,4.8,1000+ sold,Extra 2% off with coins,MAD86.57
Pet Hair Remover Gloves Cat Dog Massage Bathing Cleaning Grooming Supplies Silicone Hair Sticking Removal Brush,4.7,1000+ sold,Extra 2% off with coins,MAD13.96
DQ08 RK3528 Smart TV Box Android 13 Quad Core Cortex A53 Support 8K Video 4K HDR10+ Dual Wifi BT Google Voice 2G16G 4G 32G 64G,4.4,10000+ sold,Extra 2% off with coins,MAD293.46
FENVI 1300Mbps USB 3.0 WiFi Adapter Dual Band 2.4Ghz/5Ghz Wireless WiFi Dongle Antenna USB Ethernet Network Card Receiver For PC,4.7,3000+ sold,Extra 2% off with coins,MAD57.95
Dental Models Removable And Restorable Models Of Diseased Teeth For Teaching And Researching Medical And Dental Diseases,4.8,178 sold,Extra 2% off with coins,MAD117.91
LIGE Fashion Men Watches Top Brand Luxury Silicone Sport Watch Men Quartz Date Clock Waterproof Wristwatch Chronograph Clock Man,4.7,4000+ sold,-78%,MAD78.13
External Hard Drive 2.5 Portable Hard Drive HDD 250GB 320GB 500GB 1TB USB3.0 for Desktop PC Laptops Gaming Consoles TV PS5 Xbox,4.6,1000+ sold,Extra 2% off with coins,MAD114.09
FENVI 1200Mbps Wireless WiFi Card PCIE Adapter FV-AC1200 Dual Band 2.4Ghz/5Ghz 802.11AC For Bluetooth4.0 WiFi Adapter Win7/10/11,4.7,3000+ sold,Extra 2% off with coins,MAD61.37
Feslishoet Home Cotton Slippers Couples Shoes Men Fur Cotton Women Winter Indoor Home Comfortable Warm Slides,4.8,700+ sold,-79%,MAD50.62
Wireless Gaming Mouse USB IMICE GW-X7 3200DPI Dual Mode Rechargeable 7 Keys 2.4Ghz Silent Mouse Bluetooth 7-color Breathing LED,4.7,300 sold,Extra 2% off with coins,MAD85.06
MOES Smart ZigBee WiFi Switch Module Light Dimmer Curtain Switch Smart Life App Remote Control Alexa Google Home Voice Control,4.9,317 sold,-86%,MAD14.96
2023 New Sports Watch Men Top Brand Luxury Mens Watches Business Waterproof Military Quartz Chronograph Wristwatch Montre Homme,4.7,700+ sold,Extra 2% off with coins,MAD129.75
MR.GREEN Portable Manicure Set Nail Clippers Travel Tools Kit Stainless Steel Gift Box For Friends Or Family,4.9,1000+ sold,Extra 2% off with coins,MAD61.17
Car Inverter 150W Peak DC12V/24V to 110V/220V LED Display Sockets Power Inverter Adaptor Fast Charging,4.4,1000+ sold,Extra 2% off with coins,MAD173.85
Feslishoet Women Letter Slippers Beach Slides Solid Color Mens Thick Sole Indoor Bathroom Anti Slip Shoes Summer Couple Sandals,4.8,500+ sold,Extra 2% off with coins,MAD47.80
PRITOM 7 Inch Kids Tablet Quad Core Android 10 32GB WiFi Bluetooth Educational Software Installed,4.5,5000+ sold,Extra 2% off with coins,MAD350.81
AliExpress Collection E-YOOSO X-31 USB 2.4G Wireless Gaming Large Mouse for Big Hands PAW3212 4800 DPI 5 Buttons for Gamer Mice,4.8,204 sold,Extra 2% off with coins,MAD85.97
ins style quartz watch Korean version simple temperament with secondary school small fresh mori casual fashion,4.3,367 sold,Free shipping,MAD14.05
Flower Bow Tie Leather Band Headband Sweet Hair Accessories Baby Does Not Hurt Hair Lovely Headwear Hair Loop,4.8,315 sold,-85%,MAD9.94
Stem Egg white Separator White and Yolk Filter Kitchen Baking Separator kitchen baked Tool Gadgets,4.7,5000+ sold,Free shipping,MAD5.82
5 pcs/pack Space Tour Series Bookmark PVC Reading Book mark dusk moon Book Page Marker Stationery Supplies,4.6,1000+ sold,Extra 1% off with coins,MAD10.24
Korea's New Exquisite Crystal Flower Ring Fashion Temperament Sweet Versatile Love Opening Ring Female Jewelry,4.9,800+ sold,Extra 5% off with coins,MAD9.94
Adults Kids Goalkeeper Gloves Goalie Gloves Thicken Latex Football Soccer Anti-slip Protection Soccer Children Goalie Gloves,4.6,500+ sold,,MAD89.22
Carbon Fiber Card Holder Wallets Men RFID Black Magic Trifold Leather Slim Mini Wallet Small Money Bag Male Purses Wallet Women,4.5,4000+ sold,,MAD27.71
New Sunglasses Frame Shape Plastic Hairband For Women Elegant Solid Headband Hair Decorate Hair Hoop Fashion Hair Accessories,4.1,5000+ sold,Extra 1% off with coins,MAD13.05
Dropshipping ICONSIGN Upgrade Version Lash Lift Kit Lifting Eyelashes Lasting 6-8 Weeks Calia Perm Eyelash Enhancer Makeup Tools,4.8,1000+ sold,Extra 6% off with coins,MAD138.39
2023 New Luxury Men Quartz Watches 30M Waterproof Automatic Date Watch Man Stainless Steel Sport Chronograph Watch for Men Clock,4.5,293 sold,Extra 2% off with coins,MAD95.21
10PCS Raytools Original Laser Protective Windows 37x7 Optical Protection Lens 27.9x4.1 Fused Silica Fiber Cutting Machine Parts,4.5,122 sold,Extra 5% off with coins,MAD337.20
MEREDITH Pike Fishing Accessories Connector 50PCS Pin Bearing Rolling Swivel Stainless Steel Snap Fishhook Lure Swivels Tackle,4.6,479 sold,Extra 2% off with coins,MAD11.45
OLEVS Women Wrist Watch Original Watches for Ladies Waterproof Stainless Steel Luxury Quartz Woman Wristwatch Gold Reloj Hombre,4.7,387 sold,Extra 2% off with coins,MAD115.00
1Set Mini Digital Hearing Aid for Elderly Portable Sound Amplifier Rechargeable BTE Adjustable Hearing Aid for Seniors,4.4,1000+ sold,Extra 2% off with coins,MAD85.27
Zodiac Sign Capricorn Pendant Necklace For Women Men 12 Constellation Jewelry Choker Charm Chain Birthday Female Collar,4.9,700+ sold,Extra 5% off with coins,MAD9.94
High Power LED Flashlights Camping Torch With 4 Lamp Beads And COB Side Light Rechargeable Portable Hand Lantern 4 Lighting Mode,4.3,800+ sold,Extra 2% off with coins,MAD44.09
Solar Lights Outdoor Garden LED Refletor Garden Buildings Sunlight IP67 Waterproof Lamp Spotlight Emergency Lighting Wall Light,4.1,3000+ sold,Extra 2% off with coins,MAD159.08
Stainless Steel Smart Coffee Tumbler Thermos Cup with Intelligent Temperature Display Portable Travel Mug 380ml 510ml,4.4,500 sold,Extra 2% off with coins,MAD73.82
LIGE Men Watch Sports Quartz Watches Men Waterproof Chronograph Wristwatch Mens Military Hollow Clock Man Relogio Masculino,4.6,800+ sold,Extra 2% off with coins,MAD77.13
Feslishoet Women Bathroom Slippers Non Slip EVA Shower Slides Sandals Embossed Summer Pool Shoes Suitable Indoor Or Outdoor,4.3,29 sold,Extra 2% off with coins,MAD60.56
High Power Led Flashlights Zoomable Camping Torch With T6 LED Lamp Beads Waterproof 4 Lighting Modes Multi Function USB Charger,4.5,3000+ sold,Extra 2% off with coins,MAD41.58
65W 20V 3.25A Type C AC Adapter Laptop Charger for Lenovo ThinkPad T480 T480s T580 X280 X380 E580 L380 L480 15V-3A,4.9,95 sold,Extra 5% off with coins,MAD177.57
"VASOUN Android 13 Tablet 10.1"", 12GB(6+6 Expand) RAM, 128GB ROM, Octa Core, Dual SIM 4G Unlocked With 2.4G/5G WiFi GPS",4.8,2000+ sold,Extra 2% off with coins,MAD876.57
SanDisk SDDDC4 USB 3.1 Flash Drive 64GB Type-C Pendrive 128GB 32GB Phone Metal Type-C OTG Flash Drive Pen Drive,5,198 sold,Extra 2% off with coins,MAD80.34
NOTIONR Men Fashion Stainless Steel Quartz Wrist Watches Luxury Men Business Waterproof Watch With Customized Gel Ink Pen Watch,5,6 sold,Extra 2% off with coins,MAD75.62
Beautiful Fabric Shavers Depilators Sweater Depilators Stainless Steel Blades to Remove Clothes Wool and Cotton Balls,4.5,3000+ sold,Extra 2% off with coins,MAD36.36
Fashion Zipper Wallets Womens Long Purses Handbags Coin Purse Cards Holder PU Leather Billfold Wallet,4.5,900+ sold,Extra 2% off with coins,MAD33.54
"MELANDA Steel 1.39"" Bluetooth Call Smart Watch Men Sports Fitness Tracker Watches IP68 Waterproof Smartwatch for Android IOS K52",4.8,10000+ sold,Extra 2% off with coins,MAD246.35
Disney Casual Women Summer Socks Cartoon Anime Mickey Mouse Socks Cute Embroidered Ankle Socks Girl Cotton Socks,5,44 sold,-46%,MAD9.94
Luxury Unisex Bracelet 3 Metal Buckle Hand Chain Adjustable Men's Rope Bracelet for Women Jewelry Gifts,4.7,4000+ sold,Extra 2% off with coins,MAD22.30
"Omega-3 Fish Oil Supplement Rich in DHA and EPA - Brain-Building, Non-GMO, Gluten-Free Premium Capsules",4.6,34 sold,Extra 6% off with coins,MAD9.94
New Fashion Men 30mm Keychain DIY Metal Holder Chain Vintage Samurai Sword 107x10mm Silver Color Pendant Gift,4.7,500+ sold,Extra 2% off with coins,MAD8.03
CADVAN Luxury Casual Watch Top Brand Fashion Square Dial Stainless Steel Calendar Luminous Waterproof Men Watch Male Clock,4,18 sold,Extra 2% off with coins,MAD61.87
Super Bright LED Flashlight USB Rechargeable Torch Light With 30W LED Can Illuminate 1500 Meters Tactical Lantern,4.7,1000+ sold,Extra 2% off with coins,MAD73.61
Huitan Bridal Sets Rings with Sparkling Cubic Zircon Luxury Trendy Wedding Engagement 2Pcs Rings for Women Eternity Love Jewelry,5,231 sold,Extra 2% off with coins,MAD34.14
Professional Cat Nail Clippers for Small Cat Dog Stainless Steel Puppy Claws Cutter Pet Nail Grooming Clippers Trimmer,4.8,2000+ sold,Extra 8% off with coins,MAD30.43
Men Gift Business Luxury Company Mens Set 6 in 1 Watch Glasses Pen Keychain Belt Purse Welcome Holiday Birthday,4.7,360 sold,Extra 2% off with coins,MAD115.19
10pcs Dental Orthodontic Wire NITI Stainless Steel Round/Rectangular Wire Ovoid Form Dentist Material Dental Arch Upper Lower,4.8,2000+ sold,Free shipping,MAD10.83
I8 Mini Keyboard Wireless 2.4G 3 COLOR Backlit English Air Mouse Remote Touchpad For Android TV Box PC,4.7,377 sold,Extra 2% off with coins,MAD53.53
G6 Gaming Mouse Wireless 3 Modes 4000 DPI 11 RGB Backlit Rechargeable Silent Computer Gaming Mice for Windows/Android/MAC/iOS,4.8,251 sold,Extra 2% off with coins,MAD139.30
"21 Needle Espresso Stirrer WDT Tool, Espresso Distribution Tool for 51mm 54mm 58mm Portafilter, Coffee Powder Stirring Tool",4.5,3000+ sold,Extra 2% off with coins,MAD73.21
30-100Pcs 6/8/10mm Acrylic Matte Beads Round Loose Spacer Beads For DIY Necklace Bracelet Jewelry Making Accessories Supplies,4.8,500+ sold,Extra 5% off with coins,MAD6.83
CAYON Fashion Business Top Luxury Brand Quartz Watch Men Chronograph Stainless Steel Waterproof Wristwatch Relogio Masculino,4.7,37 sold,Extra 2% off with coins,MAD84.37
Black Razer DeathAdder Essential Wired Gaming Mouse Mice 6400DPI Optical Sensor 5 Independently Buttons For PC Gamer,4.8,3000+ sold,Extra 2% off with coins,MAD143.82
Universal Mobile Phone Holder Flexible Lazy Holder Adjustable Cell Phone Clip Home Bed Desktop Mount Bracket Smartphone Stand,4.3,500+ sold,Extra 2% off with coins,MAD71.51
AliExpress Collection Usb 8 In 1 Type C 3 1 To 4k Hdmi Hub Adapter With Sd Tf Rj45 Card Reader Pd Fast Charge For Macbook,4.7,46 sold,Extra 2% off with coins,MAD67.99
10KG Kitchen Scales Stainless Steel Weighing For Food Diet Postal Balance Measuring LCD Precision Electronic,4.8,2000+ sold,Extra 2% off with coins,MAD83.46
LHD RHD Front Central Full Chrome Air Conditioning AC Vent Grille Outlet Panel Cover For BMW 5 Series F10 F11 F18 520 521 523,4.9,700+ sold,Extra 3% off with coins,MAD143.72
REWARD New Design Luxury Japanese Movement Quartz Watches for Women Wristwatches Stainless Steel Waterproof Small Female Watch,4.9,61 sold,Extra 2% off with coins,MAD111.78
4 In 1 Wireless Charger Pad Stand LED Light Type C PD USB Charger for iPhone Samsung Xiaomi Phone Chargers Fast Charging Station,4.3,700+ sold,Extra 2% off with coins,MAD191.02
PIXLINK AC24 WiFi Repeater 1200Mbps 2.4&5Ghz Dual Band Wireless Long Range Extender Quick Setup For Home Signal Booster,4.5,369 sold,Extra 2% off with coins,MAD119.51
Pearl Bell orchid Stereoscopic Leaf Flowers Charms Pendant 10pcs/lot For DIY Fashion Earrings Jewelry Making Finding Accessories,4.9,397 sold,,MAD14.30
PRITOM Android 12 Tablet 10.1 Inch 3GB RAM 64GB ROM Quad Core Processor WiFi 6 GPS HD IPS Screen 8.0 MP Rear Camera,4.6,1000+ sold,Extra 2% off with coins,MAD568.84
Spinning Reel Max Drag 8KG for Fishing AC3000 4000 5000 Reel Metal Spool Handle Sea Jig Carp Reel Fishing Coil Wheel,4.7,3000+ sold,-80%,MAD54.33
Top Brand Man Casual Watch Luxury Luminous BINBOND B0161 Box Wristwatch Stainless Steel Waterproof Men Date Calendar Clock,4.6,77 sold,Extra 7% off with coins,MAD137.09
CANNER S925 Sterling Silver Bracelet For Women Stacked Wear Temperament Versatile Pearl Chains Bracelet Hand Ornament Jewelry,4.9,410 sold,Extra 30% off with coins,MAD9.94
New Mirror Car Mobile Phone Holder Navigation Gravity Sensing Air Outlet Clip Universal Mobile Phone Holder Automotive Supplies,4.4,296 sold,Extra 2% off with coins,MAD87.98
"PRITOM 8 Inch Tablet Android 13, 8GB(4+4 Expand) RAM 64GB ROM,1TB Expand,1280x800 IPS Screen 5000MAH Battery,Dual Camera, WiFi",4.6,3000+ sold,Extra 2% off with coins,MAD498.65
Maange MAANGE 20 PCs Makeup Brush Set Eye Shadow Brush Set Foundation Brush Beauty Tools,2,28 sold,Extra 2% off with coins,MAD38.96
AliExpress Collection CkeyiN 44mm Tourmaline Ceramic Hair Straightener LCD Display Fast Heating Flat Iron Adjustable Temperature,5,30 sold,Extra 2% off with coins,MAD249.88
Hair Growth Spray Effective Nourishing Root Hair Thick Growth Liquid Anti Hair Loss Ginger Anti-fall Scalp Massage Repair Spray,4.3,313 sold,Extra 2% off with coins,MAD30.83
ORZERHOME 2.4GHz Wireless Mouse Optical Mice with USB Receiver Gamer 1600DPI 6 Buttons Mouse For Computer PC Laptop Accessories,4.7,2000+ sold,Extra 3% off with coins,MAD36.06
New Desk Mobile Phone Holder Stand For iPhone iPad Xiaomi Adjustable Desktop Tablet Holder Universal Table Cell Phone Stand,4.7,5000+ sold,Extra 5% off with coins,MAD25.01
2/3 Buttons TPU Car Remote Key Case Cover Shell Fob For Renault Clio Trafic Twingo Kangoo Master Modus Dacia Duster Sandero,4.3,187 sold,-73%,MAD9.94
New PU Leather Men Wallets High Quality Zipper Short Desigh Card Holder Male Purse Vintage Coin Holder Men Wallets,5,26 sold,Extra 2% off with coins,MAD54.34
Rotary Cutter for Fabric Card Paper Sewing Quilting Roller Cutting Knife Tailor Scissors Dress Leather Clothes Making DIY Tool,4.9,500+ sold,Extra 2% off with coins,MAD40.87
DIEYURO 316L Stainless Steel Square Luxury Green Crystal Zircon Necklace Earrings For Women Fashion Non-fading Chain Jewelry Set,4.6,121 sold,Extra 5% off with coins,MAD9.94
12pcs Ring For Children Jewelry Fashion Colored Multicolor Ring Cute Girls Gifts  Lovely Fruit Scrub Animal Princess Suit Kinds,4.9,1000+ sold,Free shipping,MAD10.04
